product_id,category,brand_type,price,original_price,sales_volume,rating,supplier,warehouse_city,product_description
1,服饰鞋帽,国货,131.74,157.29,1311.0,4.5,供应商9,深圳,商品 名称 带 空格服饰鞋帽商品1
2,服饰鞋帽,国货,74.95,95.11,6970.0,4.1,,深圳,🔥爆款🔥服饰鞋帽商品2
3,服饰鞋帽,国际,108.96,120.74,6370.0,4.8,供应商46,广州,【特惠】服饰鞋帽商品3
4,服饰鞋帽,国货,141.27,183.39,5907.0,3.8,供应商31,,服饰鞋帽商品4
5,服饰鞋帽,国际,91.9,118.46,1888.0,4.0,供应商11,深圳,🔥爆款🔥服饰鞋帽商品5
6,服饰鞋帽,国货,63.06,81.27,1184.0,4.3,,,   服饰鞋帽商品6
7,服饰鞋帽,国际,131.0,172.58,4157.0,3.6,,广州,商品 名称 带 空格服饰鞋帽商品7
8,服饰鞋帽,国际,68.17,87.33,2092.0,4.6,,广州,商品 名称 带 空格服饰鞋帽商品8
9,服饰鞋帽,other,149.0,190.33,2252.0,4.5,供应商50,,【特惠】服饰鞋帽商品9
10,服饰鞋帽,国货,124.23,145.54,7288.0,4.5,供应商11,广州,商品 名称 带 空格服饰鞋帽商品10
11,服饰鞋帽,国货,56.79,66.66,1329.0,4.0,,,<script>服饰鞋帽商品11
12,服饰鞋帽,国货,149.91,183.07,3416.0,4.8,供应商18,南昌,商品 名称 带 空格服饰鞋帽商品12
13,服饰鞋帽,国际,64.14,82.81,1047.0,4.7,供应商41,南昌,🔥爆款🔥服饰鞋帽商品13
14,服饰鞋帽,国际,102.69,129.65,4832.0,4.7,供应商33,,🔥爆款🔥服饰鞋帽商品14
15,服饰鞋帽,国货,110.23,145.11,6902.0,3.6,供应商20,深圳,<script>服饰鞋帽商品15
16,服饰鞋帽,国际,79.43,100.93,7151.0,4.1,供应商32,广州,🔥爆款🔥服饰鞋帽商品16
17,服饰鞋帽,国际,49.21,56.12,2441.0,4.7,供应商2,广州,服饰鞋帽商品17
18,服饰鞋帽,国货,96.97,111.18,4991.0,3.9,,深圳,<script>服饰鞋帽商品18
19,服饰鞋帽,国货,45.9,61.19,1337.0,3.9,供应商1,,   服饰鞋帽商品19
20,服饰鞋帽,国货,63.01,71.16,3729.0,3.9,,武汉,<script>服饰鞋帽商品20
21,服饰鞋帽,国际,,,7512.0,4.4,供应商30,深圳,🔥爆款🔥服饰鞋帽商品21
22,服饰鞋帽,国货,149.07,187.72,5590.0,4.6,供应商15,深圳,   服饰鞋帽商品22
23,服饰鞋帽,国货,126.01,167.75,6268.0,4.3,供应商43,南昌,服饰鞋帽商品23
24,服饰鞋帽,国货,102.2,120.71,2337.0,4.1,,,商品 名称 带 空格服饰鞋帽商品24
25,服饰鞋帽,国货,147.84,177.68,5835.0,3.7,,南昌,   服饰鞋帽商品25
26,服饰鞋帽,国货,55.89,66.36,6956.0,,供应商44,,<script>服饰鞋帽商品26
27,服饰鞋帽,国货,75.14,87.65,5447.0,3.9,供应商16,,<script>服饰鞋帽商品27
28,服饰鞋帽,国货,46.24,63.5,3536.0,3.6,供应商8,,商品 名称 带 空格服饰鞋帽商品28
29,服饰鞋帽,国货,121.83,170.43,,4.6,供应商35,深圳,
30,服饰鞋帽,国货,97.86,122.12,461.0,3.6,供应商19,南昌,<script>服饰鞋帽商品30
31,服饰鞋帽,国货,37.09,48.2,3013.0,3.5,供应商27,,🔥爆款🔥服饰鞋帽商品31
32,服饰鞋帽,国货,123.45,172.31,7958.0,4.5,供应商24,,
33,服饰鞋帽,国货,133.32,183.68,3334.0,4.9,供应商8,南昌,商品 名称 带 空格服饰鞋帽商品33
34,服饰鞋帽,国际,33.75,45.94,1904.0,4.0,供应商19,,【特惠】服饰鞋帽商品34
35,服饰鞋帽,国货,49.21,68.83,2757.0,4.4,供应商15,南昌,服饰鞋帽商品35
36,服饰鞋帽,国货,72.47,92.66,6126.0,3.7,供应商29,深圳,🔥爆款🔥服饰鞋帽商品36
37,服饰鞋帽,国货,84.23,102.36,605.0,4.3,,广州,🔥爆款🔥服饰鞋帽商品37
38,服饰鞋帽,国货,120.74,143.47,2135.0,3.9,供应商4,武汉,<script>服饰鞋帽商品38
39,服饰鞋帽,国货,131.04,181.88,6149.0,4.8,,南昌,服饰鞋帽商品39
40,服饰鞋帽,国货,131.5,153.9,6326.0,4.5,,深圳,服饰鞋帽商品40
41,服饰鞋帽,国货,111.19,131.02,4298.0,4.2,供应商22,,🔥爆款🔥服饰鞋帽商品41
42,服饰鞋帽,国货,148.32,191.85,3672.0,4.3,供应商46,武汉,🔥爆款🔥服饰鞋帽商品42
43,服饰鞋帽,国货,140.64,181.37,3150.0,4.0,供应商38,武汉,   服饰鞋帽商品43
44,服饰鞋帽,国际,126.82,173.36,3942.0,3.8,供应商7,广州,   服饰鞋帽商品44
45,服饰鞋帽,国际,145.61,182.99,6931.0,3.8,供应商11,广州,服饰鞋帽商品45
46,服饰鞋帽,国货,107.1,137.63,166.0,4.5,供应商24,,【特惠】服饰鞋帽商品46
47,服饰鞋帽,国货,126.19,159.99,340.0,3.6,供应商2,南昌,<script>服饰鞋帽商品47
48,服饰鞋帽,国际,145.82,187.6,581.0,4.2,供应商1,武汉,商品 名称 带 空格服饰鞋帽商品48
49,服饰鞋帽,国际,115.1,153.27,748.0,4.7,供应商46,武汉,
50,服饰鞋帽,国货,93.48,114.39,1917.0,3.6,供应商37,深圳,   服饰鞋帽商品50
51,服饰鞋帽,国货,67.14,92.52,5339.0,3.6,供应商30,南昌,
52,服饰鞋帽,国货,74.45,96.98,3095.0,4.0,,武汉,
53,服饰鞋帽,国际,129.52,146.37,5752.0,4.7,供应商3,广州,
54,服饰鞋帽,国际,44.63,62.03,3103.0,4.5,,武汉,<script>服饰鞋帽商品54
55,服饰鞋帽,,138.12,186.87,668.0,4.9,,深圳,商品 名称 带 空格服饰鞋帽商品55
56,服饰鞋帽,国际,43.45,52.76,4152.0,4.1,,武汉,
57,服饰鞋帽,国际,127.53,149.97,7963.0,4.5,供应商6,,【特惠】服饰鞋帽商品57
58,服饰鞋帽,国货,130.06,153.34,6857.0,,供应商19,深圳,商品 名称 带 空格服饰鞋帽商品58
59,服饰鞋帽,国货,80.27,94.2,2355.0,3.7,供应商13,深圳,
60,服饰鞋帽,国际,-13.603910413445623,,6374.0,4.7,供应商30,广州,【特惠】服饰鞋帽商品60
61,服饰鞋帽,国货,119.47,151.3,7360.0,3.5,供应商25,武汉,<script>服饰鞋帽商品61
62,服饰鞋帽,other,82.44,104.72,6954.0,4.7,供应商41,南昌,商品 名称 带 空格服饰鞋帽商品62
63,服饰鞋帽,国货,148.08,176.12,2627.0,4.5,供应商23,武汉,服饰鞋帽商品63
64,服饰鞋帽,国货,127.83,164.9,4767.0,4.2,供应商50,深圳,【特惠】服饰鞋帽商品64
65,服饰鞋帽,国际,122.1,149.92,4092.0,4.6,,武汉,🔥爆款🔥服饰鞋帽商品65
66,服饰鞋帽,国际,107.72,124.6,2459.0,4.6,供应商37,广州,【特惠】服饰鞋帽商品66
67,服饰鞋帽,国际,96.38,134.45,5924.0,4.1,供应商9,,商品 名称 带 空格服饰鞋帽商品67
68,服饰鞋帽,国货,127.92,170.28,43.0,4.7,供应商1,南昌,商品 名称 带 空格服饰鞋帽商品68
69,服饰鞋帽,国货,77.61,103.82,813.0,3.7,,,服饰鞋帽商品69
70,服饰鞋帽,国货,130.53,151.88,2934.0,4.8,供应商37,南昌,   服饰鞋帽商品70
71,服饰鞋帽,国际,106.51,117.89,1123.0,3.6,供应商39,,服饰鞋帽商品71
72,服饰鞋帽,国货,,,,4.6,供应商22,武汉,【特惠】服饰鞋帽商品72
73,服饰鞋帽,other,79.57,92.03,1351.0,4.1,,,🔥爆款🔥服饰鞋帽商品73
74,服饰鞋帽,国货,119.59,148.01,3897.0,3.9,供应商12,武汉,🔥爆款🔥服饰鞋帽商品74
75,服饰鞋帽,国际,56.49,75.6,2304.0,3.8,供应商33,,
76,服饰鞋帽,国货,115.04,131.18,418.0,4.2,,,🔥爆款🔥服饰鞋帽商品76
77,服饰鞋帽,国货,91.0,116.19,3753.0,4.3,,广州,商品 名称 带 空格服饰鞋帽商品77
78,服饰鞋帽,国货,117.37,162.13,5006.0,4.7,供应商34,广州,🔥爆款🔥服饰鞋帽商品78
79,服饰鞋帽,国货,118.67,153.64,7647.0,4.3,供应商14,深圳,【特惠】服饰鞋帽商品79
80,服饰鞋帽,国货,117.72,129.79,2877.0,4.7,,,商品 名称 带 空格服饰鞋帽商品80
81,服饰鞋帽,国货,131.12,163.41,2966.0,4.6,,南昌,服饰鞋帽商品81
82,服饰鞋帽,国货,72.13,89.96,2408.0,3.7,,武汉,🔥爆款🔥服饰鞋帽商品82
83,服饰鞋帽,国际,89.46,113.1,7241.0,4.5,供应商38,南昌,🔥爆款🔥服饰鞋帽商品83
84,服饰鞋帽,国货,63.43,86.83,3964.0,3.9,供应商13,南昌,【特惠】服饰鞋帽商品84
85,服饰鞋帽,国货,-33.978594129200616,,5764.0,4.4,供应商22,南昌,<script>服饰鞋帽商品85
86,服饰鞋帽,国际,124.82,139.07,6773.0,3.6,供应商9,,商品 名称 带 空格服饰鞋帽商品86
87,服饰鞋帽,国货,69.56,94.49,813.0,3.9,供应商46,,服饰鞋帽商品87
88,服饰鞋帽,国货,119.82,136.3,5863.0,3.8,,广州,   服饰鞋帽商品88
89,服饰鞋帽,国际,50.61,64.7,7332.0,4.6,供应商33,武汉,
90,服饰鞋帽,国货,91.34,119.15,,4.0,供应商29,,🔥爆款🔥服饰鞋帽商品90
91,服饰鞋帽,国际,136.64,187.14,4107.0,3.8,,广州,【特惠】服饰鞋帽商品91
92,服饰鞋帽,国货,53.62,64.33,7166.0,3.8,供应商22,南昌,<script>服饰鞋帽商品92
93,服饰鞋帽,国货,35.35,42.98,1212.0,4.1,供应商24,广州,商品 名称 带 空格服饰鞋帽商品93
94,服饰鞋帽,国际,76.26,106.26,1479.0,,供应商17,深圳,   服饰鞋帽商品94
95,服饰鞋帽,国货,131.25,156.91,-9.0,3.5,供应商7,武汉,   服饰鞋帽商品95
96,服饰鞋帽,国货,44.61,51.96,778.0,3.8,供应商7,,   服饰鞋帽商品96
97,服饰鞋帽,国际,79.6,87.63,3448.0,3.5,供应商46,武汉,🔥爆款🔥服饰鞋帽商品97
98,服饰鞋帽,国货,45.14,51.43,1841.0,4.6,供应商28,广州,服饰鞋帽商品98
99,服饰鞋帽,国货,88.71,99.65,4664.0,3.7,供应商48,武汉,<script>服饰鞋帽商品99
100,服饰鞋帽,国际,124.01,149.23,760.0,3.9,供应商28,,服饰鞋帽商品100
101,服饰鞋帽,国际,101.54,125.58,3386.0,4.5,供应商19,南昌,🔥爆款🔥服饰鞋帽商品101
102,服饰鞋帽,国货,18067.42199756224,22054.46,7874.0,3.9,供应商28,,商品 名称 带 空格服饰鞋帽商品102
103,服饰鞋帽,国际,47.09,59.08,5402.0,4.8,供应商33,,<script>服饰鞋帽商品103
104,服饰鞋帽,国际,34.8,46.41,6259.0,4.3,供应商21,,   服饰鞋帽商品104
105,服饰鞋帽,国货,112.77,131.46,1871.0,4.5,供应商34,,商品 名称 带 空格服饰鞋帽商品105
106,服饰鞋帽,国际,133.67,150.54,5982.0,4.8,供应商25,广州,【特惠】服饰鞋帽商品106
107,服饰鞋帽,国货,122.8,167.38,1909.0,4.7,供应商17,广州,服饰鞋帽商品107
108,服饰鞋帽,国货,137.52,179.48,6241.0,4.5,供应商14,,🔥爆款🔥服饰鞋帽商品108
109,服饰鞋帽,国货,,,6029.0,4.2,供应商9,南昌,商品 名称 带 空格服饰鞋帽商品109
110,服饰鞋帽,国货,-25.895257113745053,,4108.0,4.6,供应商42,,   服饰鞋帽商品110
111,服饰鞋帽,国际,66.55,90.25,3811.0,3.6,供应商6,武汉,   服饰鞋帽商品111
112,服饰鞋帽,国际,80.01,103.55,1449.0,4.3,供应商2,,商品 名称 带 空格服饰鞋帽商品112
113,服饰鞋帽,国货,139.42,193.02,7017.0,4.9,供应商20,深圳,
114,服饰鞋帽,国货,143.05,197.67,7502.0,3.9,,,<script>服饰鞋帽商品114
115,服饰鞋帽,国货,41.42,55.58,3902.0,4.9,供应商27,,
116,服饰鞋帽,国际,,,6186.0,3.9,供应商34,武汉,<script>服饰鞋帽商品116
117,服饰鞋帽,国货,113.37,144.02,7023.0,3.9,供应商18,,服饰鞋帽商品117
118,服饰鞋帽,国货,53.69,69.77,6839.0,4.5,供应商5,深圳,服饰鞋帽商品118
119,服饰鞋帽,国货,,,,3.9,供应商29,南昌,商品 名称 带 空格服饰鞋帽商品119
120,服饰鞋帽,国货,136.13,182.34,1221.0,4.4,,,<script>服饰鞋帽商品120
121,服饰鞋帽,国际,77.22,104.52,5401.0,3.9,,,服饰鞋帽商品121
122,服饰鞋帽,国货,,,1092.0,3.6,供应商22,南昌,<script>服饰鞋帽商品122
123,服饰鞋帽,国货,80.62,90.62,2248.0,4.4,供应商42,,   服饰鞋帽商品123
124,服饰鞋帽,国货,50.6,57.06,4352.0,4.2,,深圳,🔥爆款🔥服饰鞋帽商品124
125,服饰鞋帽,国货,83.83,94.64,4675.0,4.4,供应商6,武汉,商品 名称 带 空格服饰鞋帽商品125
126,服饰鞋帽,国货,109.9,145.69,4730.0,4.5,供应商12,武汉,🔥爆款🔥服饰鞋帽商品126
127,服饰鞋帽,国货,30.01,41.74,3441.0,4.1,供应商37,广州,服饰鞋帽商品127
128,服饰鞋帽,国际,132.64,162.4,3985.0,3.8,,深圳,【特惠】服饰鞋帽商品128
129,服饰鞋帽,国货,96.35,132.91,3048.0,4.2,供应商19,广州,商品 名称 带 空格服饰鞋帽商品129
130,服饰鞋帽,国货,136.42,158.84,147.0,3.7,,武汉,🔥爆款🔥服饰鞋帽商品130
131,服饰鞋帽,国货,49.64,60.46,4685.0,4.0,供应商42,武汉,🔥爆款🔥服饰鞋帽商品131
132,服饰鞋帽,国货,48.08,66.69,3510.0,9.920197563035343,,,服饰鞋帽商品132
133,服饰鞋帽,国货,38.43,42.84,6208.0,4.1,供应商39,,   服饰鞋帽商品133
134,服饰鞋帽,国货,59.35,80.84,1663.0,3.8,供应商28,,   服饰鞋帽商品134
135,服饰鞋帽,国货,77.83,99.18,4565.0,4.3,供应商25,广州,【特惠】服饰鞋帽商品135
136,服饰鞋帽,国际,34.46,46.26,4451.0,4.4,,,服饰鞋帽商品136
137,服饰鞋帽,国货,91.97,126.65,2370.0,4.6,供应商4,,【特惠】服饰鞋帽商品137
138,服饰鞋帽,国货,48.51,63.0,3607.0,4.6,供应商27,武汉,【特惠】服饰鞋帽商品138
139,服饰鞋帽,国货,87.86,110.69,2168.0,4.6,供应商15,深圳,
140,服饰鞋帽,国际,88.31,98.28,5809.0,4.9,供应商32,深圳,服饰鞋帽商品140
141,服饰鞋帽,国际,62.85,80.55,1156.0,,,广州,【特惠】服饰鞋帽商品141
142,服饰鞋帽,国货,78.35,90.98,5731.0,,供应商36,,【特惠】服饰鞋帽商品142
143,服饰鞋帽,国际,115.45,139.29,4823.0,4.8,供应商37,深圳,🔥爆款🔥服饰鞋帽商品143
144,服饰鞋帽,unknown,135.18,161.39,235.0,4.5,供应商39,武汉,【特惠】服饰鞋帽商品144
145,服饰鞋帽,国际,144.16,172.48,5863.0,4.8,供应商29,武汉,【特惠】服饰鞋帽商品145
146,服饰鞋帽,国货,81.51,110.94,1982.0,,,南昌,🔥爆款🔥服饰鞋帽商品146
147,服饰鞋帽,国际,132.73,164.97,7314.0,3.8,供应商3,广州,🔥爆款🔥服饰鞋帽商品147
148,服饰鞋帽,国货,96.49,124.93,576.0,3.6,供应商1,南昌,
149,服饰鞋帽,国货,122.44,157.38,7601.0,4.8,,深圳,🔥爆款🔥服饰鞋帽商品149
150,服饰鞋帽,国货,143.26,172.14,5038.0,3.8,供应商37,,服饰鞋帽商品150
151,服饰鞋帽,国货,78.24,100.14,4782.0,4.2,供应商43,,   服饰鞋帽商品151
152,服饰鞋帽,国货,37.82,51.13,521.0,4.2,,,服饰鞋帽商品152
153,服饰鞋帽,国际,52.89,58.57,567.0,4.1,供应商34,,   服饰鞋帽商品153
154,服饰鞋帽,国货,77.58,97.1,2350.0,4.2,,武汉,   服饰鞋帽商品154
155,服饰鞋帽,国货,119.29,151.65,2899.0,4.1,,,
156,服饰鞋帽,国货,62.68,69.24,2521.0,3.8,供应商4,,🔥爆款🔥服饰鞋帽商品156
157,服饰鞋帽,国货,66.73,82.85,7590.0,4.0,,,🔥爆款🔥服饰鞋帽商品157
158,服饰鞋帽,国货,134.59,162.61,6378.0,3.6,供应商24,武汉,服饰鞋帽商品158
159,服饰鞋帽,国货,129.6,143.69,3052.0,4.2,供应商14,武汉,【特惠】服饰鞋帽商品159
160,服饰鞋帽,国货,141.21,168.4,341.0,3.7,供应商50,,<script>服饰鞋帽商品160
161,服饰鞋帽,国货,32.19,36.61,7448.0,3.8,供应商15,深圳,
162,服饰鞋帽,国货,105.88,118.03,3686.0,4.3,供应商16,南昌,   服饰鞋帽商品162
163,服饰鞋帽,国货,149.6,181.17,1698.0,3.8,供应商33,武汉,【特惠】服饰鞋帽商品163
164,服饰鞋帽,国货,80.02,97.71,6126.0,4.3,,,   服饰鞋帽商品164
165,服饰鞋帽,国货,71.96,98.16,7087.0,4.7,,,商品 名称 带 空格服饰鞋帽商品165
166,服饰鞋帽,国货,146.65,181.29,7918.0,4.4,供应商7,广州,   服饰鞋帽商品166
167,服饰鞋帽,国际,43.74,56.9,2220.0,4.3,供应商17,南昌,服饰鞋帽商品167
168,服饰鞋帽,国货,-43.422510149083415,,3507.0,4.7,供应商22,深圳,商品 名称 带 空格服饰鞋帽商品168
169,服饰鞋帽,国货,56.38,77.77,5064.0,3.8,,深圳,   服饰鞋帽商品169
170,服饰鞋帽,国货,81.35,93.99,882.0,3.9,供应商36,,【特惠】服饰鞋帽商品170
171,服饰鞋帽,国货,94.5,105.65,5160.0,3.8,供应商7,武汉,【特惠】服饰鞋帽商品171
172,服饰鞋帽,国际,64.74,74.86,1399.0,4.4,供应商8,武汉,服饰鞋帽商品172
173,服饰鞋帽,国货,146.65,179.23,7757.0,4.6,供应商8,深圳,🔥爆款🔥服饰鞋帽商品173
174,服饰鞋帽,国货,111.7,133.07,1599.0,4.4,,武汉,🔥爆款🔥服饰鞋帽商品174
175,服饰鞋帽,国货,100.77,135.33,2150.0,4.2,供应商17,广州,   服饰鞋帽商品175
176,服饰鞋帽,国货,109.5,129.96,4482.0,4.1,供应商43,武汉,
177,服饰鞋帽,国货,110.1,129.43,4032.0,3.8,,广州,服饰鞋帽商品177
178,服饰鞋帽,国货,142.89,161.86,1866.0,4.9,,,【特惠】服饰鞋帽商品178
179,服饰鞋帽,,105.51,132.1,3947.0,3.9,供应商20,,🔥爆款🔥服饰鞋帽商品179
180,服饰鞋帽,国货,112.87,136.32,4497.0,3.7,供应商47,南昌,   服饰鞋帽商品180
181,美妆个护,国际,,,6781.0,4.7,供应商13,,   美妆个护商品181
182,美妆个护,国际,68.29,75.48,1934.0,6.027419637967954,供应商17,广州,美妆个护商品182
183,美妆个护,国货,83.39,104.53,,3.8,供应商30,深圳,<script>美妆个护商品183
184,美妆个护,国际,65.54,88.95,7295.0,3.9,,深圳,【特惠】美妆个护商品184
185,美妆个护,国货,96.97,125.78,6237.0,4.8,供应商13,广州,美妆个护商品185
186,美妆个护,国货,87.57,117.59,6749.0,,供应商46,武汉,🔥爆款🔥美妆个护商品186
187,美妆个护,国货,91.56,103.18,746.0,4.7,供应商28,广州,商品 名称 带 空格美妆个护商品187
188,美妆个护,国际,,,7251.0,3.6,,,【特惠】美妆个护商品188
189,美妆个护,国货,74.46,86.46,4889.0,4.0,供应商37,深圳,美妆个护商品189
190,美妆个护,国货,51.48,64.14,3000.0,4.7,供应商44,,<script>美妆个护商品190
191,美妆个护,国际,42.87,53.46,26.0,3.6,,,<script>美妆个护商品191
192,美妆个护,国货,44.97,59.95,1757.0,4.4,供应商49,武汉,   美妆个护商品192
193,美妆个护,国际,84.73,108.92,1234.0,3.6,供应商22,,🔥爆款🔥美妆个护商品193
194,美妆个护,国际,31.09,34.79,6961.0,9.145118458049097,供应商47,,商品 名称 带 空格美妆个护商品194
195,美妆个护,国际,39.41,52.2,7302.0,4.4,,深圳,【特惠】美妆个护商品195
196,美妆个护,国际,34.75,39.68,6661.0,3.7,,广州,美妆个护商品196
197,美妆个护,国货,37.02,42.55,1045.0,3.8,供应商22,,
198,美妆个护,国货,104.3,127.02,6273.0,3.7,供应商39,南昌,<script>美妆个护商品198
199,美妆个护,国货,42.69,58.57,3395.0,3.8,供应商48,,美妆个护商品199
200,美妆个护,国货,,,1441.0,4.0,供应商9,武汉,   美妆个护商品200
201,美妆个护,国货,66.52,88.7,3518.0,4.3,,,   美妆个护商品201
202,美妆个护,国货,82.67,92.88,7684.0,4.3,供应商43,,   美妆个护商品202
203,美妆个护,国货,36.72,50.25,2235.0,4.8,,,美妆个护商品203
204,美妆个护,国际,33.65,40.42,1783.0,3.8,,深圳,美妆个护商品204
205,美妆个护,国际,98.64,126.06,7661.0,4.7,,南昌,
206,美妆个护,国货,31.37,41.21,5740.0,3.8,供应商26,,🔥爆款🔥美妆个护商品206
207,美妆个护,国货,32.43,38.98,450.0,4.1,供应商3,,   美妆个护商品207
208,美妆个护,国货,97.52,123.3,2452.0,3.8,,广州,【特惠】美妆个护商品208
209,美妆个护,国货,41.04,53.85,7937.0,4.8,,南昌,美妆个护商品209
210,美妆个护,国货,107.92,142.04,7897.0,3.5,供应商36,广州,
211,美妆个护,国际,48.0,56.63,7445.0,3.6,,武汉,【特惠】美妆个护商品211
212,美妆个护,国际,50.36,58.71,7603.0,,,广州,
213,美妆个护,国货,68.09,89.36,5749.0,4.1,供应商49,,<script>美妆个护商品213
214,美妆个护,国货,41.81,53.12,6301.0,3.9,,,
215,美妆个护,国货,25.15,27.73,5522.0,3.6,供应商21,,
216,美妆个护,国货,86.69,101.49,1959.0,4.2,,,<script>美妆个护商品216
217,美妆个护,国货,77.28,89.18,,3.8,,深圳,<script>美妆个护商品217
218,美妆个护,国际,101.75,120.22,1932.0,3.6,供应商15,,   美妆个护商品218
219,美妆个护,国货,90.77,104.15,1738.0,9.52205025654105,供应商14,,🔥爆款🔥美妆个护商品219
220,美妆个护,国货,36.16,40.6,3106.0,4.1,供应商46,深圳,商品 名称 带 空格美妆个护商品220
221,美妆个护,国货,55.86,64.53,1772.0,3.9,,,   美妆个护商品221
222,美妆个护,国际,92.64,118.47,5253.0,4.4,供应商44,武汉,<script>美妆个护商品222
223,美妆个护,国际,38.65,53.29,1274.0,4.2,,武汉,美妆个护商品223
224,美妆个护,other,43.7,54.59,2070.0,,供应商25,,【特惠】美妆个护商品224
225,美妆个护,国货,64.27,76.43,3327.0,3.9,,武汉,   美妆个护商品225
226,美妆个护,国际,97.94,125.69,7593.0,4.1,,南昌,【特惠】美妆个护商品226
227,美妆个护,国际,71.38,95.11,775.0,,供应商27,,美妆个护商品227
228,美妆个护,国货,61.56,73.19,2524.0,4.8,供应商48,南昌,   美妆个护商品228
229,美妆个护,国货,115.11,160.28,6886.0,4.3,供应商5,广州,美妆个护商品229
230,美妆个护,国货,61.13,68.53,5994.0,4.2,,,美妆个护商品230
231,美妆个护,国际,26.42,29.5,3953.0,4.8,供应商6,深圳,
232,美妆个护,国货,27.33,36.97,2970.0,4.5,供应商45,,商品 名称 带 空格美妆个护商品232
233,美妆个护,国货,115.48,143.13,4533.0,4.3,供应商5,南昌,【特惠】美妆个护商品233
234,美妆个护,国货,119.23,151.99,5418.0,4.3,供应商29,,【特惠】美妆个护商品234
235,美妆个护,国货,85.31,112.12,6945.0,3.9,供应商33,武汉,🔥爆款🔥美妆个护商品235
236,美妆个护,,110.35,126.52,6917.0,4.3,供应商38,,【特惠】美妆个护商品236
237,美妆个护,国货,,,,7.08673889153052,供应商14,,🔥爆款🔥美妆个护商品237
238,美妆个护,国货,80.02,101.22,3360.0,4.4,供应商30,广州,🔥爆款🔥美妆个护商品238
239,美妆个护,国货,,,6764.0,4.3,供应商1,深圳,🔥爆款🔥美妆个护商品239
240,美妆个护,国际,86.74,115.25,1745.0,4.6,,南昌,   美妆个护商品240
241,美妆个护,国际,118.27,134.17,850.0,,供应商21,武汉,🔥爆款🔥美妆个护商品241
242,美妆个护,国货,48.08,58.82,1000.0,4.8,供应商14,,<script>美妆个护商品242
243,美妆个护,国货,71.84,80.6,3553.0,4.6,,深圳,   美妆个护商品243
244,美妆个护,国际,,,5315.0,4.6,供应商44,广州,美妆个护商品244
245,美妆个护,国货,74.94,103.02,,3.8,供应商38,武汉,   美妆个护商品245
246,美妆个护,,34.25,40.46,2757.0,4.1,供应商26,南昌,美妆个护商品246
247,美妆个护,国货,80.39,99.6,6319.0,3.6,,,   美妆个护商品247
248,美妆个护,国货,72.37,99.11,6249.0,3.8,,,【特惠】美妆个护商品248
249,美妆个护,国货,40.64,45.85,2548.0,4.7,供应商15,南昌,🔥爆款🔥美妆个护商品249
250,美妆个护,国货,78.87,99.36,2460.0,3.5,,南昌,<script>美妆个护商品250
251,美妆个护,国货,94.39,110.23,731.0,3.6,,武汉,美妆个护商品251
252,美妆个护,国际,61.77,85.18,3389.0,4.4,,,   美妆个护商品252
253,美妆个护,国际,37.02,44.16,3188.0,3.8,,广州,
254,美妆个护,国货,38.51,53.03,4675.0,4.9,,,美妆个护商品254
255,美妆个护,国际,115.28,160.3,5741.0,4.8,,武汉,
256,美妆个护,国货,65.23,87.87,4469.0,4.3,供应商33,广州,商品 名称 带 空格美妆个护商品256
257,美妆个护,国货,,,5683.0,4.6,供应商21,武汉,<script>美妆个护商品257
258,美妆个护,国货,90.83,102.66,3755.0,4.9,供应商9,南昌,美妆个护商品258
259,美妆个护,国货,90.43,99.95,4666.0,4.6,供应商27,深圳,🔥爆款🔥美妆个护商品259
260,美妆个护,other,68.74,77.23,4975.0,3.9,,,   美妆个护商品260
261,美妆个护,国际,97.2,127.08,1672.0,4.3,供应商32,,【特惠】美妆个护商品261
262,美妆个护,国货,36.77,48.06,6769.0,3.9,,武汉,<script>美妆个护商品262
263,美妆个护,国货,54.38,71.81,2490.0,4.0,,广州,<script>美妆个护商品263
264,美妆个护,国际,,,461.0,4.5,供应商18,武汉,   美妆个护商品264
265,美妆个护,国货,98.89,131.41,7216.0,3.8,,,<script>美妆个护商品265
266,美妆个护,国际,91.54,111.37,5811.0,4.1,供应商37,,商品 名称 带 空格美妆个护商品266
267,美妆个护,国货,90.45,116.39,7578.0,4.4,,,🔥爆款🔥美妆个护商品267
268,美妆个护,国货,100.52,133.26,3870.0,4.0,,广州,   美妆个护商品268
269,美妆个护,国际,95.57,128.02,7492.0,4.3,供应商2,南昌,   美妆个护商品269
270,美妆个护,国际,79.81,100.37,7173.0,3.9,供应商43,,【特惠】美妆个护商品270
271,美妆个护,国际,109.3,125.95,2399.0,4.2,供应商13,广州,【特惠】美妆个护商品271
272,美妆个护,国货,88.0,109.51,,3.9,供应商19,深圳,【特惠】美妆个护商品272
273,美妆个护,unknown,117.77,162.82,4604.0,4.6,供应商4,武汉,美妆个护商品273
274,美妆个护,国货,32.22,43.86,6911.0,4.7,供应商26,武汉,<script>美妆个护商品274
275,美妆个护,国际,-32.970748952694265,,3309.0,4.2,供应商5,南昌,商品 名称 带 空格美妆个护商品275
276,美妆个护,国际,28.2,35.48,2813.0,,,广州,美妆个护商品276
277,美妆个护,国货,105.89,142.95,3676.0,4.1,供应商12,南昌,<script>美妆个护商品277
278,美妆个护,国货,78.98,106.36,239.0,4.2,供应商48,南昌,商品 名称 带 空格美妆个护商品278
279,美妆个护,国际,25.46,34.37,6806.0,4.2,供应商24,武汉,   美妆个护商品279
280,美妆个护,国货,113.87,138.51,6245.0,4.1,供应商39,,商品 名称 带 空格美妆个护商品280
281,美妆个护,国货,,,3581.0,4.4,供应商24,武汉,🔥爆款🔥美妆个护商品281
282,美妆个护,国货,91.08,105.09,1043.0,4.3,供应商26,广州,商品 名称 带 空格美妆个护商品282
283,美妆个护,国货,117.66,136.76,2126.0,3.9,供应商43,武汉,<script>美妆个护商品283
284,家居百货,国货,73.32,93.5,,4.7,供应商12,武汉,   家居百货商品284
285,家居百货,国货,87.65,119.42,5469.0,4.8,供应商22,,商品 名称 带 空格家居百货商品285
286,家居百货,国货,39.33,49.58,2145.0,4.2,供应商21,南昌,家居百货商品286
287,家居百货,国货,36.98,41.47,5256.0,4.2,供应商28,,🔥爆款🔥家居百货商品287
288,家居百货,国际,84.05,98.85,115.0,4.3,供应商30,南昌,商品 名称 带 空格家居百货商品288
289,家居百货,国货,66.9,76.9,7838.0,4.5,供应商39,广州,   家居百货商品289
290,家居百货,国货,74.54,102.86,7706.0,4.7,供应商6,深圳,   家居百货商品290
291,家居百货,国货,,,5896.0,4.1,供应商22,广州,<script>家居百货商品291
292,家居百货,国货,66.5,77.47,5426.0,4.6,供应商27,武汉,商品 名称 带 空格家居百货商品292
293,家居百货,国货,61.78,72.57,4226.0,3.7,供应商30,广州,🔥爆款🔥家居百货商品293
294,家居百货,国货,50.56,69.28,3214.0,4.0,供应商40,,
295,家居百货,国货,44.94,60.4,3413.0,3.9,供应商22,,   家居百货商品295
296,家居百货,国货,52.48,73.25,672.0,3.9,,南昌,【特惠】家居百货商品296
297,家居百货,国货,58.94,76.95,1133.0,3.6,供应商9,,🔥爆款🔥家居百货商品297
298,家居百货,国际,43.75,51.79,1353.0,3.5,供应商29,武汉,家居百货商品298
299,家居百货,国货,71.32,82.85,6227.0,3.9,,武汉,   家居百货商品299
300,家居百货,国货,35.41,45.71,1788.0,4.4,供应商17,深圳,<script>家居百货商品300
301,家居百货,国货,51.08,57.03,7253.0,4.3,供应商35,深圳,【特惠】家居百货商品301
302,家居百货,国货,25.21,32.76,4110.0,4.4,供应商2,武汉,🔥爆款🔥家居百货商品302
303,家居百货,国货,84.24,112.08,4081.0,4.5,供应商42,深圳,🔥爆款🔥家居百货商品303
304,家居百货,国际,68.47,82.37,3588.0,3.7,供应商45,武汉,<script>家居百货商品304
305,家居百货,国际,65.53,74.65,3516.0,3.9,供应商19,广州,商品 名称 带 空格家居百货商品305
306,家居百货,国货,15.94,20.27,3901.0,3.8,供应商23,南昌,<script>家居百货商品306
307,家居百货,国货,60.45,73.55,3595.0,4.2,供应商2,武汉,<script>家居百货商品307
308,家居百货,国际,81.81,107.52,6752.0,3.5,供应商41,南昌,<script>家居百货商品308
309,家居百货,国货,76.3,88.98,4760.0,,,南昌,   家居百货商品309
310,家居百货,other,66.49,92.3,2940.0,3.6,供应商37,,家居百货商品310
311,家居百货,国际,54.63,64.87,7081.0,4.3,,武汉,   家居百货商品311
312,家居百货,国货,22.47,25.54,477.0,4.4,供应商30,,家居百货商品312
313,家居百货,国货,86.11,99.81,5641.0,3.5,供应商13,深圳,家居百货商品313
314,家居百货,国货,67.12,80.87,3501.0,4.6,供应商28,广州,<script>家居百货商品314
315,家居百货,国货,44.74,57.74,983.0,3.9,,南昌,家居百货商品315
316,家居百货,国货,85.56,105.5,6208.0,3.7,供应商10,广州,商品 名称 带 空格家居百货商品316
317,家居百货,国货,66.74,77.88,7134.0,3.9,,广州,<script>家居百货商品317
318,家居百货,国际,42.68,53.85,413.0,4.3,供应商8,,【特惠】家居百货商品318
319,家居百货,国货,35.11,45.03,4163.0,3.6,供应商38,,【特惠】家居百货商品319
320,家居百货,国货,39.0,51.08,,4.0,供应商45,深圳,【特惠】家居百货商品320
321,家居百货,国货,56.37,77.86,3179.0,3.5,供应商41,,
322,家居百货,国货,68.62,94.13,1849.0,3.9,供应商3,南昌,<script>家居百货商品322
323,家居百货,,78.07,97.29,362.0,4.7,供应商12,武汉,家居百货商品323
324,家居百货,国货,55.05,75.06,6345.0,4.5,供应商28,,
325,家居百货,unknown,47.52,63.97,821.0,4.3,供应商9,南昌,<script>家居百货商品325
326,家居百货,国货,47.31,55.15,1623.0,4.8,供应商9,,<script>家居百货商品326
327,家居百货,国货,22.08,28.83,1785.0,3.9,供应商25,广州,【特惠】家居百货商品327
328,家居百货,国货,46.2,62.29,2810.0,3.5,供应商23,,
329,家居百货,国际,56.38,69.8,5055.0,3.6,供应商15,广州,   家居百货商品329
330,家居百货,国货,21.41,27.46,3709.0,4.1,供应商19,南昌,商品 名称 带 空格家居百货商品330
331,家居百货,国际,29.09,40.2,704.0,4.4,,深圳,【特惠】家居百货商品331
332,家居百货,国际,,,2616.0,3.6,供应商5,,   家居百货商品332
333,家居百货,,-41.69603588049695,,1956.0,4.4,供应商18,,🔥爆款🔥家居百货商品333
334,家居百货,国际,20.98,27.65,892.0,4.7,供应商38,深圳,<script>家居百货商品334
335,家居百货,国货,34.99,41.11,4241.0,4.8,供应商37,南昌,商品 名称 带 空格家居百货商品335
336,家居百货,国际,70.83,82.08,3992.0,4.4,供应商19,,商品 名称 带 空格家居百货商品336
337,家居百货,国际,28.88,37.6,4277.0,4.0,供应商37,武汉,   家居百货商品337
338,家居百货,国货,81.52,92.99,6928.0,3.7,供应商30,武汉,商品 名称 带 空格家居百货商品338
339,家居百货,国货,75.89,93.14,7588.0,4.7,供应商43,广州,<script>家居百货商品339
340,家居百货,国货,51.18,66.92,-60.0,4.1,,,<script>家居百货商品340
341,家居百货,国货,82.57,104.85,5889.0,4.2,供应商29,南昌,商品 名称 带 空格家居百货商品341
342,家居百货,国货,82.85,100.28,666.0,4.8,,深圳,商品 名称 带 空格家居百货商品342
343,家居百货,国货,74.86,97.63,1346.0,4.8,供应商23,广州,<script>家居百货商品343
344,家居百货,国货,71.74,80.1,,3.6,供应商39,,
345,家居百货,国货,66.37,85.93,645.0,4.8,供应商41,,🔥爆款🔥家居百货商品345
346,家居百货,国货,44.78,50.92,5171.0,3.8,,广州,商品 名称 带 空格家居百货商品346
347,家居百货,国货,87.74,103.11,3209.0,3.5,供应商11,,家居百货商品347
348,家居百货,国际,68.5,78.28,516.0,4.2,,南昌,
349,家居百货,国货,68.69,87.35,7455.0,4.8,供应商10,深圳,
350,家居百货,,56.64,73.31,892.0,4.2,,武汉,🔥爆款🔥家居百货商品350
351,家居百货,国货,35.91,48.5,7850.0,4.9,供应商5,武汉,🔥爆款🔥家居百货商品351
352,家居百货,国货,21.53,27.92,4198.0,4.1,,武汉,🔥爆款🔥家居百货商品352
353,家居百货,国货,28.45,38.15,2997.0,3.5,供应商28,,商品 名称 带 空格家居百货商品353
354,家居百货,国际,50.99,63.85,2803.0,3.9,供应商18,,
355,家居百货,国货,31.21,42.92,6200.0,3.6,供应商14,,商品 名称 带 空格家居百货商品355
356,家居百货,国货,69.89,84.51,282.0,3.6,,广州,【特惠】家居百货商品356
357,家居百货,,34.9,43.33,140.0,3.6,供应商14,深圳,商品 名称 带 空格家居百货商品357
358,家居百货,国货,64.41,86.66,7136.0,4.5,,,   家居百货商品358
359,家居百货,国货,36.98,47.04,21.0,4.7,供应商8,,商品 名称 带 空格家居百货商品359
360,家居百货,国货,35.12,39.85,5859.0,,供应商6,南昌,   家居百货商品360
361,食品零食,国货,62.69,73.42,1716.0,4.0,供应商11,,<script>食品零食商品361
362,食品零食,国货,54.51,76.01,7461.0,3.6,供应商43,武汉,
363,食品零食,国货,45.28,57.03,2338.0,4.8,供应商25,深圳,食品零食商品363
364,食品零食,国货,38.72,50.06,5256.0,4.9,,深圳,🔥爆款🔥食品零食商品364
365,食品零食,国货,38.8,47.95,1298.0,4.0,,,   食品零食商品365
366,食品零食,国货,34.09,37.57,1759.0,4.0,供应商43,,
367,食品零食,国货,25.04,30.17,2200.0,3.9,供应商37,,食品零食商品367
368,食品零食,国际,50.87,65.17,4454.0,4.4,,武汉,🔥爆款🔥食品零食商品368
369,食品零食,国货,15.03,19.72,3674.0,4.4,,武汉,   食品零食商品369
370,食品零食,国际,68.16,83.76,5557.0,4.1,,南昌,   食品零食商品370
371,食品零食,国货,42.98,47.55,-65.0,4.9,供应商9,广州,食品零食商品371
372,食品零食,国货,-38.13604289338994,,2123.0,3.6,,,   食品零食商品372
373,食品零食,other,-22.605903770599692,,7573.0,4.7,供应商37,,【特惠】食品零食商品373
374,食品零食,国际,48.68,65.37,1900.0,3.6,,,商品 名称 带 空格食品零食商品374
375,食品零食,国货,,,2843.0,4.0,,南昌,   食品零食商品375
376,食品零食,国货,35.3,44.93,690.0,4.7,供应商25,南昌,
377,食品零食,国货,49.28,60.96,3621.0,4.8,,广州,   食品零食商品377
378,食品零食,国货,28.65,32.6,,4.3,供应商34,,【特惠】食品零食商品378
379,食品零食,国货,69.22,95.48,609.0,4.9,供应商47,,🔥爆款🔥食品零食商品379
380,食品零食,国货,65.77,84.09,3598.0,3.6,供应商6,,商品 名称 带 空格食品零食商品380
381,食品零食,国货,55.95,62.34,5112.0,4.2,,南昌,商品 名称 带 空格食品零食商品381
382,食品零食,国货,32.63,45.31,7612.0,3.9,,武汉,
383,食品零食,国货,33.86,38.73,6224.0,4.4,供应商8,,商品 名称 带 空格食品零食商品383
384,食品零食,国货,51.93,62.35,4495.0,3.8,供应商17,南昌,商品 名称 带 空格食品零食商品384
385,食品零食,国货,-13.713872005588321,,,3.8,供应商16,深圳,🔥爆款🔥食品零食商品385
386,食品零食,国货,46.27,61.09,5257.0,4.4,供应商5,武汉,🔥爆款🔥食品零食商品386
387,食品零食,国货,28.11,35.8,3007.0,4.8,,广州,食品零食商品387
388,食品零食,国货,48.46,54.32,765.0,3.8,供应商13,南昌,   食品零食商品388
389,食品零食,国货,24.26,32.5,394.0,,供应商37,,
390,食品零食,国货,30.29,38.01,5110.0,4.6,供应商39,深圳,食品零食商品390
391,食品零食,国货,33.05,43.54,1603.0,4.0,供应商28,武汉,🔥爆款🔥食品零食商品391
392,食品零食,国际,46.06,54.06,3361.0,3.7,供应商41,,<script>食品零食商品392
393,食品零食,国货,53.78,69.99,1785.0,8.50995855857467,供应商30,,【特惠】食品零食商品393
394,食品零食,国货,24.5,29.42,5095.0,4.1,供应商24,南昌,<script>食品零食商品394
395,食品零食,国货,62.28,74.32,159.0,4.8,供应商23,,<script>食品零食商品395
396,食品零食,国货,20.09,24.14,4654.0,3.6,供应商17,,   食品零食商品396
397,食品零食,国货,-43.80235167345929,,4812.0,4.8,供应商37,武汉,商品 名称 带 空格食品零食商品397
398,食品零食,国货,22.96,26.01,6356.0,4.6,供应商44,南昌,<script>食品零食商品398
399,食品零食,国货,37.13,44.82,,4.9,供应商38,,<script>食品零食商品399
400,食品零食,国货,34.09,43.2,3873.0,3.8,,,   食品零食商品400
401,食品零食,国货,,,6360.0,4.7,供应商15,广州,<script>食品零食商品401
402,食品零食,国货,-28.444494604285726,,4136.0,3.7,供应商7,深圳,🔥爆款🔥食品零食商品402
403,食品零食,国货,60.38,83.09,4512.0,4.6,,,食品零食商品403
404,食品零食,杂牌,62.42,81.47,6396.0,4.6,供应商24,深圳,食品零食商品404
405,食品零食,国货,31.23,39.1,4551.0,4.5,供应商17,,【特惠】食品零食商品405
406,食品零食,国货,30.82,35.3,2075.0,4.6,供应商13,,商品 名称 带 空格食品零食商品406
407,食品零食,国货,,,5840.0,3.5,供应商6,,🔥爆款🔥食品零食商品407
408,食品零食,国货,29.46,39.59,822.0,3.8,供应商13,广州,
409,食品零食,国货,40.8,53.61,5156.0,4.1,供应商38,,🔥爆款🔥食品零食商品409
410,食品零食,国货,39.82,45.04,3004.0,3.9,供应商29,广州,   食品零食商品410
411,食品零食,other,24.5,34.26,1057.0,3.6,供应商20,深圳,商品 名称 带 空格食品零食商品411
412,食品零食,国际,55.48,75.22,3699.0,3.6,,深圳,   食品零食商品412
413,食品零食,国货,56.36,62.14,455.0,4.4,,,商品 名称 带 空格食品零食商品413
414,食品零食,国货,55.02,62.06,328.0,3.7,供应商50,广州,食品零食商品414
415,食品零食,国货,25.23,34.74,6641.0,3.5,供应商39,广州,商品 名称 带 空格食品零食商品415
416,食品零食,国货,22.45,29.9,4918.0,7.362140053189895,,广州,   食品零食商品416
417,食品零食,国货,66.08,82.44,3790.0,3.9,供应商39,深圳,食品零食商品417
418,食品零食,国货,27.98,31.39,3715.0,4.9,供应商5,武汉,
419,食品零食,国货,52.35,64.9,5266.0,4.4,供应商18,武汉,商品 名称 带 空格食品零食商品419
420,食品零食,国货,44.47,55.92,2542.0,4.5,,,【特惠】食品零食商品420
421,食品零食,国货,47.25,55.61,4745.0,4.2,供应商19,,【特惠】食品零食商品421
422,数码配件,国际,136.17,162.96,2744.0,4.7,供应商1,武汉,<script>数码配件商品422
423,数码配件,国际,146.75,164.08,5009.0,4.1,供应商4,,【特惠】数码配件商品423
424,数码配件,国际,170.68,192.21,1295.0,4.7,供应商47,深圳,商品 名称 带 空格数码配件商品424
425,数码配件,国际,110.79,142.56,,4.0,供应商17,武汉,   数码配件商品425
426,数码配件,国货,163.13,210.5,7585.0,4.5,供应商33,南昌,🔥爆款🔥数码配件商品426
427,数码配件,国货,98.02,133.36,4935.0,3.5,,武汉,【特惠】数码配件商品427
428,数码配件,国货,91.43,108.36,7434.0,4.2,供应商20,,数码配件商品428
429,数码配件,国货,48.59,58.67,1918.0,8.263516983431641,,深圳,数码配件商品429
430,数码配件,国货,192.72,229.84,3593.0,4.6,供应商34,深圳,【特惠】数码配件商品430
431,数码配件,国际,100.5,122.87,-1.0,4.2,,,   数码配件商品431
432,数码配件,国际,69.65,90.53,1780.0,3.6,,深圳,【特惠】数码配件商品432
433,数码配件,国货,81.35,99.97,3560.0,,供应商18,,数码配件商品433
434,数码配件,国际,156.34,214.64,7288.0,4.9,,武汉,商品 名称 带 空格数码配件商品434
435,数码配件,国货,185.01,246.72,1262.0,3.9,供应商23,,商品 名称 带 空格数码配件商品435
436,数码配件,国货,114.01,130.5,7797.0,4.7,供应商36,,<script>数码配件商品436
437,数码配件,国货,120.87,152.12,7284.0,4.0,供应商47,深圳,
438,数码配件,国货,73.81,103.24,6790.0,4.4,,,🔥爆款🔥数码配件商品438
439,数码配件,国际,183.38,204.2,1500.0,4.6,供应商29,,【特惠】数码配件商品439
440,数码配件,国货,110.85,146.35,4798.0,4.3,供应商17,深圳,🔥爆款🔥数码配件商品440
441,数码配件,,111.54,132.15,855.0,4.7,供应商34,武汉,   数码配件商品441
442,数码配件,国货,175.54,197.18,4845.0,4.1,供应商3,,
443,数码配件,国际,85.11,93.97,6395.0,4.3,供应商42,,数码配件商品443
444,数码配件,国际,144.72,194.38,7204.0,4.6,供应商7,武汉,<script>数码配件商品444
445,数码配件,国际,105.3,127.68,3631.0,4.1,供应商46,南昌,
446,数码配件,国际,122.87,156.82,963.0,4.2,,武汉,🔥爆款🔥数码配件商品446
447,数码配件,,72.64,86.98,6585.0,4.5,供应商37,,🔥爆款🔥数码配件商品447
448,数码配件,,53.57,70.84,3829.0,4.9,供应商37,武汉,
449,数码配件,国货,169.79,231.91,2109.0,3.7,供应商31,,
450,数码配件,国货,159.91,177.97,5998.0,3.7,,,<script>数码配件商品450
451,数码配件,国货,67.56,86.97,3323.0,4.8,,,<script>数码配件商品451
452,数码配件,国际,165.39,220.32,208.0,4.5,,广州,🔥爆款🔥数码配件商品452
453,数码配件,国货,133.15,184.25,166.0,4.5,供应商45,,【特惠】数码配件商品453
454,数码配件,国货,84.56,116.69,3100.0,4.8,供应商19,南昌,商品 名称 带 空格数码配件商品454
455,数码配件,国货,169.22,209.38,7337.0,4.1,供应商49,武汉,
456,数码配件,国货,167.91,191.21,,4.2,,,   数码配件商品456
457,数码配件,国货,82.9,99.0,1392.0,3.6,供应商14,广州,【特惠】数码配件商品457
458,数码配件,国货,184.82,243.05,1132.0,4.7,供应商34,深圳,商品 名称 带 空格数码配件商品458
459,数码配件,国货,80.69,101.91,5492.0,3.8,,,<script>数码配件商品459
460,数码配件,,133.39,164.52,1201.0,3.8,,,商品 名称 带 空格数码配件商品460
461,数码配件,国际,52.91,62.33,3916.0,6.205082949200033,,,商品 名称 带 空格数码配件商品461
462,数码配件,国货,198.55,266.18,5594.0,3.8,,广州,   数码配件商品462
463,母婴用品,国货,157.18,212.5,427.0,,供应商36,深圳,
464,母婴用品,国货,93.38,129.47,2914.0,4.2,,,🔥爆款🔥母婴用品商品464
465,母婴用品,国货,60.47,70.74,7917.0,4.5,供应商38,广州,母婴用品商品465
466,母婴用品,国货,107.24,127.28,3795.0,3.7,供应商3,武汉,<script>母婴用品商品466
467,母婴用品,国货,100.33,136.83,6179.0,4.7,供应商29,深圳,
468,母婴用品,,124.5,167.96,2727.0,4.7,供应商24,南昌,
469,母婴用品,国货,123.01,167.29,347.0,3.7,供应商41,武汉,商品 名称 带 空格母婴用品商品469
470,母婴用品,国货,36.8,40.68,1794.0,4.9,,深圳,母婴用品商品470
471,母婴用品,国际,92.38,128.6,,3.8,供应商15,,母婴用品商品471
472,母婴用品,国货,77.99,90.6,7632.0,4.5,供应商18,,商品 名称 带 空格母婴用品商品472
473,母婴用品,国货,148.11,187.16,4637.0,3.7,供应商31,,
474,母婴用品,国际,147.94,173.18,7161.0,4.1,,武汉,   母婴用品商品474
475,母婴用品,国货,55.55,61.78,4681.0,4.2,供应商25,,   母婴用品商品475
476,母婴用品,国货,140.08,188.52,670.0,4.4,供应商12,广州,<script>母婴用品商品476
477,母婴用品,国货,125.75,175.74,1437.0,,,,【特惠】母婴用品商品477
478,母婴用品,国货,147.82,179.11,7861.0,4.4,,南昌,【特惠】母婴用品商品478
479,母婴用品,国货,124.67,151.49,2993.0,4.2,供应商42,,🔥爆款🔥母婴用品商品479
480,母婴用品,国货,75.83,99.39,3607.0,3.6,供应商35,深圳,商品 名称 带 空格母婴用品商品480
481,母婴用品,国货,86.76,111.72,3281.0,4.3,供应商31,深圳,母婴用品商品481
482,母婴用品,国际,128.3,164.11,105.0,7.928535367537869,供应商35,深圳,母婴用品商品482
483,母婴用品,国货,97.39,135.77,4423.0,3.8,,广州,
484,母婴用品,国货,111.18,130.0,2384.0,4.5,供应商19,广州,【特惠】母婴用品商品484
485,母婴用品,国货,148.77,195.29,5971.0,3.6,供应商27,武汉,<script>母婴用品商品485
486,母婴用品,国际,105.12,123.86,3514.0,3.7,供应商6,,商品 名称 带 空格母婴用品商品486
487,母婴用品,国货,146.71,203.29,4618.0,6.279947315954791,供应商5,深圳,【特惠】母婴用品商品487
488,宠物用品,国际,37.38,50.07,614.0,4.0,,广州,商品 名称 带 空格宠物用品商品488
489,宠物用品,国际,35.98,43.0,1882.0,4.3,供应商33,广州,
490,宠物用品,国货,89.36,107.81,4608.0,4.2,供应商10,广州,   宠物用品商品490
491,宠物用品,国货,53.51,73.5,4015.0,3.6,供应商31,广州,
492,宠物用品,国货,90.92,118.62,833.0,4.2,供应商7,,🔥爆款🔥宠物用品商品492
493,宠物用品,国际,32.27,40.42,6466.0,4.3,,武汉,商品 名称 带 空格宠物用品商品493
494,宠物用品,国货,84.52,107.73,6845.0,4.3,供应商39,,【特惠】宠物用品商品494
495,宠物用品,国货,91.1,113.13,2755.0,4.6,供应商49,深圳,【特惠】宠物用品商品495
496,宠物用品,国货,90.42,117.84,,3.9,,广州,<script>宠物用品商品496
497,宠物用品,国货,31.88,40.99,,4.1,供应商26,武汉,<script>宠物用品商品497
498,宠物用品,国际,43.91,56.32,5900.0,4.5,供应商18,,
499,宠物用品,国货,42.86,55.73,654.0,4.0,,广州,🔥爆款🔥宠物用品商品499
500,宠物用品,国际,25.68,33.17,5841.0,3.7,供应商23,南昌,
501,宠物用品,国货,44.01,60.8,4426.0,3.9,供应商31,南昌,🔥爆款🔥宠物用品商品501
502,宠物用品,国货,73.65,83.33,7123.0,4.3,供应商21,武汉,商品 名称 带 空格宠物用品商品502
503,宠物用品,国货,90.76,112.0,410.0,4.3,供应商22,,【特惠】宠物用品商品503
504,宠物用品,国际,67.24,87.41,3434.0,4.1,,,   宠物用品商品504
505,宠物用品,国际,42.87,51.05,4168.0,4.1,供应商44,武汉,
506,宠物用品,国际,,,4157.0,4.6,供应商19,,【特惠】宠物用品商品506
507,宠物用品,国货,76.48,91.2,1231.0,3.6,供应商25,深圳,   宠物用品商品507
508,宠物用品,国货,26.5,29.6,369.0,3.8,,,🔥爆款🔥宠物用品商品508
509,宠物用品,国货,94.1,104.61,7062.0,4.0,供应商14,,商品 名称 带 空格宠物用品商品509
510,宠物用品,国货,38.14,42.97,2659.0,4.2,供应商41,深圳,<script>宠物用品商品510
511,宠物用品,国际,45.75,53.88,,6.606623734362386,供应商6,南昌,
512,宠物用品,国货,33.42,40.95,4189.0,3.9,供应商46,,<script>宠物用品商品512
513,美妆个护,国际,142.0086748331011,237.88448747930428,2831.0,3.0,供应商47,广州,商品描述513
514,宠物用品,国际,187.4271037820454,65.30572726764862,511.0,4.5,供应商10,南昌,商品描述514
515,宠物用品,,32.12185612838782,287.8576267985362,3018.0,3.4,供应商21,广州,商品描述515
